state_ut_name,ac_no,ac_name,winner_name,winner_party,winner_votes,runner_up_name,runner_up_party,runner_up_votes,vote_margin,total_votes_polled,num_candidates,winner_vote_share_pct,runner_up_vote_share_pct,vote_margin_pct,predicted_party_encoded,predicted_party
WEST BENGAL,1.0,MEKLIGANJ,ADHIKARY PARESH CHANDRA,AITC,99338,DADHIRAM RAY,BJP,84653,14685,198744,10,49.98289256531015,42.59399025882543,7.388902306484724,0,AITC
WEST BENGAL,2.0,MATHABHANGA,SUSHIL BARMAN,BJP,113249,GIRINDRA NATH BARMAN,AITC,87115,26134,214203,9,52.86994113060975,40.66936504157271,12.200576089037035,1,BJP
WEST BENGAL,3.0,COOCHBEHAR UTTAR,SUKUMAR ROY,BJP,120483,BINAY KRISHNA BARMAN,AITC,105868,14615,243916,8,49.3952836222306,43.40346676724774,5.991816854982863,1,BJP
WEST BENGAL,4.0,COOCHBEHAR DAKSHIN,NIKHIL RANJAN DEY,BJP,91560,AVIJIT DE BHOWMIK,AITC,86629,4931,195505,10,46.832561827063245,44.310375693716274,2.522186133346973,1,BJP
WEST BENGAL,5.0,SITALKUCHI,BAREN CHANDRA BARMAN,BJP,124955,PARTHA PRATIM RAY,AITC,107140,17815,245966,8,50.80173682541489,43.55886585950904,7.242870965905856,1,BJP
WEST BENGAL,6.0,SITAI,JAGADISH CHANDRA BARMA BASUNIA,AITC,117908,DIPAK KUMAR ROY,BJP,107796,10112,238578,10,49.4211536688211,45.18270754218746,4.2384461266336375,1,BJP
WEST BENGAL,7.0,DINHATA,NISITH PRAMANIK,BJP,116035,UDAYAN GUHA,AITC,115978,57,243751,7,47.60390726602147,47.580522746573344,0.0233845194481253,1,BJP
WEST BENGAL,8.0,NATABARI,MIHIR GOSWAMI,BJP,111743,RABINDRA NATH GHOSH,AITC,88303,23440,217173,8,51.45344955404217,40.66021098387,10.793238570172168,1,BJP
WEST BENGAL,9.0,TUFANGANJ,MALATI RAVA ROY,BJP,114503,PRANAB KUMAR DEY,AITC,83305,31198,209378,9,54.68721642197365,39.78689260571789,14.900323816255767,1,BJP
WEST BENGAL,10.0,KUMARGRAM,MANOJ KUMAR ORAON,BJP,111974,LEOS KUJUR (URAO),AITC,100973,11001,232489,8,48.163138901195325,43.4313021261221,4.73183677507323,1,BJP
WEST BENGAL,11.0,KALCHINI,BISHAL LAMA,BJP,103104,PASSANG LAMA,AITC,74528,28576,195815,12,52.65378035390548,38.06041416643261,14.59336618747287,1,BJP
WEST BENGAL,12.0,ALIPURDUARS,SUMAN KANJILAL,BJP,107333,SOURAV CHAKRABORTY (GHUTIS),AITC,91326,16007,222732,10,48.1893037372268,41.00263994396854,7.186663793258266,1,BJP
WEST BENGAL,13.0,FALAKATA,DIPAK BARMAN,BJP,102993,SUBHASH CHANDRA ROY,AITC,99003,3990,220500,9,46.70884353741497,44.899319727891154,1.809523809523809,1,BJP
WEST BENGAL,14.0,MADARIHAT,MANOJ TIGGA,BJP,90718,RAJESH LAKRA,AITC,61033,29685,166920,8,54.34819075005991,36.56422238197939,17.78396836808052,1,BJP
WEST BENGAL,15.0,DHUPGURI,BISHNU PADA RAY,BJP,104688,MITALI ROY,AITC,100333,4355,229323,9,45.65089415366099,43.75182602704482,1.8990681266161704,1,BJP
WEST BENGAL,16.0,MAYNAGURI,KAUSHIK ROY,BJP,115306,MANOJ ROY,AITC,103395,11911,236093,10,48.839228609065074,43.79418280084543,5.045045808219642,1,BJP
WEST BENGAL,17.0,JALPAIGURI,DR. PRADIP KUMAR BARMA,AITC,95668,SOUJIT SINGHA (PIKU),BJP,94727,941,225933,11,42.34352662072384,41.927031465080354,0.4164951556434872,0,AITC
WEST BENGAL,18.0,RAJGANJ,KHAGESWAR ROY,AITC,104641,SUPEN ROY,BJP,88868,15773,215755,9,48.49991888948112,41.18931195105559,7.310606938425529,1,BJP
WEST BENGAL,19.0,DABGRAM-FULBARI,SIKHA CHATTERJEE,BJP,129088,GOUTAM DEB,AITC,101495,27593,258969,11,49.846892871347535,39.19194961559106,10.65494325575648,1,BJP
WEST BENGAL,20.0,MAL,BULU CHIK BARAIK,AITC,99086,MAHESH BAGEY,BJP,93621,5465,213255,6,46.46362336170313,43.90096363508476,2.562659726618368,0,AITC
WEST BENGAL,21.0,NAGRAKATA,PUNA BHENGRA,BJP,94722,JOSEPH MUNDA,AITC,71247,23475,191169,7,49.54882852345307,37.2691179009149,12.279710622538174,1,BJP
WEST BENGAL,23.0,DARJEELING,NEERAJ TAMANG ZIMBA,BJP,68907,KESHAV RAJ SHARMA,IND,47631,21276,168575,10,40.8761678777992,28.25507934153937,12.621088536259824,1,BJP
WEST BENGAL,24.0,KURSEONG,BISHNU PRASAD SHARMA (ALIAS B.P. BAJGAIN),BJP,73475,TSHERING LAMA,IND,57960,15515,175545,9,41.85536472129653,33.017175083311976,8.838189637984563,0,AITC
WEST BENGAL,25.0,MATIGARA-NAXALBARI,ANANDAMAY BARMAN,BJP,139785,RAJEN SUNDAS,AITC,68937,70848,240591,7,58.100677082683895,28.65319151589212,29.447485566791777,1,BJP
WEST BENGAL,26.0,SILIGURI,SANKAR GHOSH,BJP,89370,DR. OMPRAKASH MISHRA,AITC,53784,35586,178650,11,50.02518891687657,30.105793450881613,19.919395465994963,0,AITC
WEST BENGAL,27.0,PHANSIDEWA,DURGA MURMU,BJP,105651,CHHOTAN KISKU,AITC,77940,27711,207590,8,50.894070041909536,37.54516113492943,13.348908906980109,1,BJP
WEST BENGAL,28.0,CHOPRA,HAMIDUL RAHAMAN,AITC,124923,MD. SHAHIN AKHTER,BJP,60018,64905,204110,6,61.20376267698789,29.40473274214884,31.79902993483906,0,AITC
WEST BENGAL,29.0,ISLAMPUR,ABDUL KARIM CHOWDHARY,AITC,100131,SAUMYAROOP MANDAL,BJP,62691,37440,169974,6,58.90959793850824,36.88269970701402,22.02689823149423,0,AITC
WEST BENGAL,30.0,GOALPOKHAR,MD. GHULAM RABBANI,AITC,105649,MD. GHULAM SARWAR,BJP,32135,73514,161535,8,65.4031634011205,19.893521527842264,45.50964187327824,0,AITC
WEST BENGAL,31.0,CHAKULIA,AZAD MINHAJUL ARFIN,AITC,86311,SACHIN PRASAD,BJP,52474,33837,173400,7,49.77566320645905,30.261822376009228,19.513840830449823,0,AITC
WEST BENGAL,32.0,KARANDIGHI,GOUTAM PAUL,AITC,116594,SUBHAS CHANDRA SINHA S/O: HARANARAYAN SINHA,BJP,79968,36626,213136,12,54.70403873583064,37.51970572779821,17.18433300803243,0,AITC
WEST BENGAL,33.0,HEMTABAD,SATYAJIT BARMAN,AITC,116425,CHANDIMA ROY,BJP,89210,27215,223301,9,52.13814537328538,39.95056000644869,12.187585366836691,0,AITC
WEST BENGAL,34.0,KALIAGANJ,SOUMEN ROY,BJP,116768,TAPAN DEB SINGHA,AITC,94948,21820,239726,11,48.70894270959345,39.60688452650109,9.102058183092364,1,BJP
WEST BENGAL,35.0,RAIGANJ,KRISHNA KALYANI,BJP,79775,AGARWAL KANAIA LAL,AITC,59027,20748,161347,13,49.44312568563407,36.58388442301375,12.859241262620316,0,AITC
WEST BENGAL,36.0,ITAHAR,MOSARAF HUSSEN,AITC,114645,AMIT KUMAR KUNDU,BJP,70670,43975,193986,9,59.09962574618787,36.430464054107,22.669161692080877,0,AITC
WEST BENGAL,37.0,KUSHMANDI,REKHA ROY,AITC,89968,RANJIT KUMAR ROY,BJP,77384,12584,184075,6,48.87573000135814,42.03938611978813,6.836343881570012,0,AITC
WEST BENGAL,38.0,KUMARGANJ,TORAF HOSSAIN MANDAL,AITC,89763,MANAS SARKAR,BJP,60396,29367,170928,6,52.51509407469812,35.33417579331648,17.180918281381636,0,AITC
WEST BENGAL,39.0,BALURGHAT,ASHOK KUMAR LAHIRI,BJP,72129,SEKHAR DASGUPTA,AITC,58693,13436,152092,9,47.424585119532914,38.59045840675381,8.834126712779106,1,BJP
WEST BENGAL,40.0,TAPAN,BUDHRAI TUDU,BJP,84381,KALPANA KISKU,AITC,82731,1650,186309,8,45.29088771878976,44.405262225657374,0.8856254931323769,1,BJP
WEST BENGAL,41.0,GANGARAMPUR,SATYENDRA NATH RAY,BJP,88724,GOUTAM DAS,AITC,84132,4592,189482,7,46.824500480256695,44.4010512871935,2.423449193063193,1,BJP
WEST BENGAL,42.0,HARIRAMPUR,BIPLAB MITRA,AITC,96131,NILANJAN ROY,BJP,73459,22672,187642,9,51.23106767141685,39.14848488078362,12.082582790633229,0,AITC
WEST BENGAL,43.0,HABIBPUR,JOYEL MURMU,BJP,94075,PRODIP BASKEY,AITC,74558,19517,197989,11,47.51526599962624,37.65764764709151,9.857618352534738,1,BJP
WEST BENGAL,44.0,GAZOLE,CHINMOY DEB BARMAN,BJP,100655,BASANTI BARMAN,AITC,98857,1798,221214,9,45.50118889401213,44.6884012765919,0.8127876174202356,1,BJP
WEST BENGAL,45.0,CHANCHAL,NIHAR RANJAN GHOSH,AITC,115966,DIPANKAR RAM (BANKAT),BJP,48628,67338,199679,7,58.07621232077484,24.353086704160177,33.72312561661467,0,AITC
WEST BENGAL,46.0,HARISCHANDRAPUR,TAJMUL HOSSAIN,AITC,122527,MD. MATIBUR RAHAMAN,BJP,45054,77473,203153,9,60.31267074569413,22.17737370356333,38.13529704213081,0,AITC
WEST BENGAL,47.0,MALATIPUR,ABDUR RAHIM BOXI,AITC,126157,MOUSUMI DAS,BJP,34208,91949,185484,7,68.01503094606542,18.44256108343577,49.57246986262966,0,AITC
WEST BENGAL,48.0,RATUA,SAMAR MUKHERJEE,AITC,130674,ABISHEK SINGHANIA,BJP,55024,75650,219148,10,59.6281964699655,25.10814609305127,34.52005037691423,0,AITC
WEST BENGAL,49.0,MANIKCHAK,SABITRI MITRA,AITC,110234,GOUR CHANDRA MANDAL,BJP,76356,33878,206991,9,53.25545555120754,36.88856037219009,16.366895179017448,0,AITC
WEST BENGAL,50.0,MALDAHA,GOPAL CHANDRA SAHA,BJP,93398,UJJWAL KUMAR CHOWDHURY,AITC,77942,15456,206489,8,45.23146511436445,37.746320627248906,7.485144487115535,1,BJP
WEST BENGAL,51.0,ENGLISH BAZAR,SREERUPA MITRA CHAUDHURY(NIRBHOY DIDI),BJP,107755,KRISHNENDU NARAYAN CHOUDHURY,AITC,87656,20099,215675,12,49.96174800046367,40.6426335922105,9.319114408253158,1,BJP
WEST BENGAL,52.0,MOTHABARI,YEASMIN SABINA,AITC,97397,SHYAMCHAND GHOSH,BJP,40824,56573,163143,11,59.70038555132614,25.023445688751583,34.67693986257455,0,AITC
WEST BENGAL,53.0,SUJAPUR,MD ABDUL GHANI,AITC,152445,ISHA KHAN CHOUDHURY,INC,22282,130163,207591,11,73.43526453458965,10.7336059848452,62.70165854974445,0,AITC
WEST BENGAL,54.0,BAISNABNAGAR,CHANDANA SARKAR,AITC,83061,SWADHIN KUMAR SARKAR,BJP,80590,2471,208652,8,39.80838908805092,38.62412054521404,1.1842685428368769,0,AITC
WEST BENGAL,55.0,FARAKKA,MANIRUL ISLAM,AITC,102319,GHOSH HEMANTA,BJP,42374,59945,186424,7,54.88510063082006,22.729906020684037,32.15519461013604,0,AITC
WEST BENGAL,56.0,SAMSERGANJ,AMIRUL ISLAM,AITC,96417,ZAIDUR RAHAMAN,INC,70038,26379,188582,8,51.12736104188098,37.139281585729286,13.9880794561517,0,AITC
WEST BENGAL,57.0,SUTI,EMANI BISWAS,AITC,127351,KOUSHIK DAS,BJP,56650,70701,216328,9,58.86940201915609,26.187086276395107,32.68231574276099,0,AITC
WEST BENGAL,58.0,JANGIPUR,JAKIR HOSSAIN,AITC,136444,SUJIT DAS,BJP,43964,92480,198263,10,68.81969908656683,22.174586281857938,46.6451128047089,0,AITC
WEST BENGAL,59.0,RAGHUNATHGANJ,AKHRUZZAMAN,AITC,126834,GOLAM MODASWER,BJP,28521,98313,190478,8,66.5872174214345,14.973382752863849,51.61383466857065,0,AITC
WEST BENGAL,60.0,SAGARDIGHI,SUBRATA SAHA,AITC,95189,KHATUN MAFUJA,BJP,44983,50206,186816,10,50.95334446728332,24.07877269612881,26.874571771154503,0,AITC
WEST BENGAL,61.0,LALGOLA,ALI MOHAMMAD,AITC,107860,ABU HENA,INC,47153,60707,190438,9,56.63785589010597,24.760289438032327,31.87756645207364,0,AITC
WEST BENGAL,62.0,BHAGAWANGOLA,IDRIS ALI,AITC,153795,MD. KAMAL HOSSAIN,CPI(M),47787,106008,225990,12,68.0538961900969,21.145625912651003,46.90827027744591,0,AITC
WEST BENGAL,63.0,RANINAGAR,ABDUL SOUMIK HOSSAIN,AITC,134957,FIROZA BEGAM,INC,55255,79702,222016,13,60.78706039204381,24.8878459210147,35.89921447102912,0,AITC
WEST BENGAL,64.0,MURSHIDABAD,GOURI SANKAR GHOSH,BJP,95967,SHAONI SINGHA ROY,AITC,93476,2491,229231,12,41.86475651199009,40.77807975361098,1.0866767583791024,1,BJP
WEST BENGAL,65.0,NABAGRAM,KANAI CHANDRA MONDAL,AITC,100455,MOHAN HALDER,BJP,64922,35533,208516,5,48.17615914366284,31.13526060350285,17.040898540159986,0,AITC
WEST BENGAL,66.0,KHARGRAM,ASHIS MARJIT,AITC,93255,ADITYA MOULIK,BJP,60682,32573,185936,6,50.15435418638672,32.63596076069185,17.51839342569486,0,AITC
WEST BENGAL,67.0,BURWAN,JIBAN KRISHNA SAHA,AITC,81890,AMIYA KUMAR DAS,BJP,79141,2749,176803,5,46.31708737973903,44.7622495093409,1.5548378703981267,0,AITC
WEST BENGAL,68.0,KANDI,APURBA SARKAR (DAVID),AITC,95399,GOUTAM ROY,BJP,57319,38080,186481,9,51.15749057544736,30.737179659053737,20.42031091639363,0,AITC
WEST BENGAL,69.0,BHARATPUR,HUMAYUN KABIR,AITC,96226,IMAN KALYAN MUKHERJEE,BJP,53143,43083,189047,8,50.900569699598506,28.110998852137296,22.789570847461214,0,AITC
WEST BENGAL,70.0,REJINAGAR,RABIUL ALAM CHOWDHURY,AITC,118494,ARABINDA BISWAS,BJP,50226,68268,210445,7,56.30639834636128,23.866568462068475,32.439829884292806,0,AITC
WEST BENGAL,71.0,BELDANGA,HASANUZZAMAN SK,AITC,112862,SUMIT GHOSH,BJP,59030,53832,204511,8,55.18627359897511,28.863973087022217,26.3223005119529,0,AITC
WEST BENGAL,72.0,BAHARAMPUR,SUBRATA MAITRA (KANCHAN),BJP,89340,NARU GOPAL MUKHERJEE,AITC,62488,26852,197607,8,45.21094900484295,31.622361556017754,13.588587448825193,1,BJP
WEST BENGAL,73.0,HARIHARPARA,NIAMOT SHEIKH,AITC,102660,MIR ALAMGIR (PALASH),INC,88594,14066,216075,12,47.511280805275945,41.00150410737013,6.50977669790582,0,AITC
WEST BENGAL,74.0,NOWDA,SAHINA MOMTAZ KHAN,AITC,117684,ANUPAM MANDAL,BJP,43531,74153,202349,10,58.15892344414848,21.512831790619177,36.6460916535293,0,AITC
WEST BENGAL,75.0,DOMKAL,JAFIKUL ISLAM,AITC,127671,MD. MOSTAFIJUR RAHAMAN (RANA),CPI(M),80442,47229,226183,10,56.44588673773006,35.56500709602402,20.88087964170605,0,AITC
WEST BENGAL,76.0,JALANGI,ABDUR RAZZAK,AITC,123840,SAIFUL ISLAM MOLLA,CPI(M),44564,79276,222167,11,55.74185185018477,20.058784607975085,35.68306724220969,0,AITC
WEST BENGAL,77.0,KARIMPUR,BIMALENDU SINHA ROY,AITC,110911,SAMARENDRANATH GHOSH,BJP,87336,23575,221506,8,50.071329896255634,39.428277337859925,10.64305255839571,0,AITC
WEST BENGAL,78.0,TEHATTA,TAPAS KUMAR SAHA,AITC,97848,ASHUTOSH PAUL,BJP,90933,6915,218109,8,44.86197268338308,41.691539551325256,3.170433132057824,0,AITC
WEST BENGAL,79.0,PALASHIPARA,DR. MANIK BHATTACHARYA,AITC,110274,BIBHASH CHANDRA MANDAL,BJP,58938,51336,203385,9,54.2193377092706,28.978538240283207,25.24079946898739,0,AITC
WEST BENGAL,80.0,KALIGANJ,NASIRUDDIN AHAMED (LAL),AITC,111696,ABHIJIT GHOSH,BJP,64709,46987,209379,9,53.34632412992707,30.90520061706284,22.44112351286423,0,AITC
WEST BENGAL,81.0,NAKASHIPARA,KALLOL KHAN,AITC,104812,SANTANU DEY,BJP,83541,21271,209570,9,50.01288352340507,39.863052917879465,10.1498306055256,0,AITC
WEST BENGAL,82.0,CHAPRA,RUKBANUR RAHMAN,AITC,73866,JEBER SEKH,IND,61748,12118,213175,8,34.65040459716195,28.96587310894805,5.684531488213908,0,AITC
WEST BENGAL,83.0,KRISHNANAGAR UTTAR,MUKUL ROY,BJP,109357,KOUSHANI MUKHERJEE,AITC,74268,35089,201805,8,54.18944030128095,36.80186318475756,17.387577116523374,1,BJP
WEST BENGAL,84.0,NABADWIP,PUNDARIKAKSHYA SAHA,AITC,102170,SIDHARTHA SHANKAR NASKAR,BJP,83599,18571,210589,7,48.51630427040349,39.69770500833377,8.81859926206972,0,AITC
WEST BENGAL,85.0,KRISHNANAGAR DAKSHIN,UJJAL BISWAS,AITC,91738,MAHADEV SARKAR,BJP,82433,9305,195685,8,46.880445614124746,42.12535452385211,4.755091090272632,0,AITC
WEST BENGAL,86.0,SANTIPUR,JAGANNATH SARKAR,BJP,109722,AJOY DEY,AITC,93844,15878,219692,8,49.94355734391785,42.71616626914043,7.227391074777416,0,AITC
WEST BENGAL,87.0,RANAGHAT UTTAR PASCHIM,PARTHASARATHI CHATTERJEE,BJP,113637,SANKAR SINGHA,AITC,90509,23128,223193,10,50.91423118108543,40.551899029091416,10.362332151994014,1,BJP
WEST BENGAL,88.0,KRISHNAGANJ,ASHIS KUMAR BISWAS,BJP,117668,DR. TAPAS MANDAL,AITC,96391,21277,231938,9,50.73252334675647,41.5589510990006,9.173572247755866,1,BJP
WEST BENGAL,89.0,RANAGHAT UTTAR PURBA,ASHIM BISWAS,BJP,116786,SAMIR KUMAR PODDAR,AITC,85004,31782,214736,9,54.38585053274719,39.5853513151032,14.800499217643992,1,BJP
WEST BENGAL,90.0,RANAGHAT DAKSHIN,MUKUT MANI ADHIKARI,BJP,119260,BARNALI DEY ROY,AITC,102745,16515,241687,6,49.344813746705455,42.511595576096354,6.833218170609094,1,BJP
WEST BENGAL,91.0,CHAKDAHA,BANKIM CHANDRA GHOSH,BJP,99368,SUBHANKAR SINGHA (JISHU),AITC,87688,11680,212064,9,46.85755243700015,41.34978119812887,5.507771238871284,1,BJP
WEST BENGAL,92.0,KALYANI,AMBIKA ROY,BJP,97026,ANIRUDDHA BISWAS,AITC,94820,2206,220338,8,44.03507338725049,43.03388430502228,1.001189082228213,0,AITC
WEST BENGAL,93.0,HARINGHATA,ASIM KUMAR SARKAR,BJP,97666,NILIMA NAG (MALLICK),AITC,82466,15200,210874,10,46.31486100704687,39.10676517730967,7.208095829737189,1,BJP
WEST BENGAL,94.0,BAGDA,BISWAJIT DAS,BJP,108111,PARITOSH KUMAR SAHA,AITC,98319,9792,218791,6,49.41291003743299,44.93740601761498,4.475504019818,1,BJP
WEST BENGAL,95.0,BANGAON UTTAR,ASHOK KIRTANIA,BJP,97761,SHYAMAL ROY,AITC,87273,10488,205175,11,47.64761788716949,42.535884001462165,5.111733885707323,1,BJP
WEST BENGAL,96.0,BANGAON DAKSHIN,SWAPAN MAJUMDER,BJP,97828,ALO RANI SARKAR,AITC,95824,2004,207834,8,47.07025799436089,46.10602692533464,0.964231069026242,1,BJP
WEST BENGAL,97.0,GAIGHATA,SUBRATA THAKUR,BJP,100808,NAROTTAM BISWAS,AITC,91230,9578,213243,9,47.27376748591982,42.78217807853012,4.491589407389691,1,BJP
WEST BENGAL,98.0,SWARUPNAGAR,BINA MONDAL,AITC,99784,BRINDABAN SARKAR,BJP,64984,34800,211804,7,47.11148042529887,30.68119582255293,16.430284602745935,0,AITC
WEST BENGAL,99.0,BADURIA,ABDUR RAHIM QUAZI,AITC,109701,SUKALYAN BAIDYA,BJP,53257,56444,212883,7,51.53112272938657,25.01702813282413,26.514094596562437,0,AITC
WEST BENGAL,100.0,HABRA,JYOTI PRIYA MALLICK,AITC,90533,RAHUL (BISWAJIT) SINHA,BJP,86692,3841,204171,8,44.34175274647232,42.46048655293847,1.881266193533852,0,AITC
WEST BENGAL,101.0,ASHOKNAGAR,NARAYAN GOSWAMI,AITC,93587,TANUJA CHAKRABORTY,BJP,70055,23532,216724,9,43.18257322677692,32.32452335689633,10.858049869880588,0,AITC
WEST BENGAL,102.0,AMDANGA,RAFIQUR RAHAMAN,AITC,88935,JOYDEV MANNA,BJP,63455,25480,211742,10,42.00158683681083,29.968074354639132,12.0335124821717,0,AITC
WEST BENGAL,103.0,BIJPUR,SUBODH ADHIKARY,AITC,66625,SUBHRANSHU ROY,BJP,53278,13347,139096,8,47.89857364697762,38.3030425030195,9.595531143958128,0,AITC
WEST BENGAL,104.0,NAIHATI,PARTHA BHOWMICK,AITC,77753,PHALGUNI PATRA,BJP,58898,18855,156468,6,49.692588899966765,37.642201600327226,12.050387299639542,0,AITC
WEST BENGAL,105.0,BHATPARA,PAWAN KUMAR SINGH,BJP,57244,JITENDRA SHAW (JITU),AITC,43557,13687,107197,10,53.400748155265546,40.632666958963405,12.768081196302136,1,BJP
WEST BENGAL,106.0,JAGATDAL,SOMENATH SHYAM ICHINI,AITC,87030,ARINDAM BHATTACHARYA,BJP,68666,18364,181287,13,48.00675172516507,37.87695753142807,10.129794193737004,0,AITC
WEST BENGAL,107.0,NOAPARA,MANJU BASU,AITC,94203,SUNIL SINGH,BJP,67493,26710,192634,11,48.902582098694936,35.03690937217729,13.865672726517644,0,AITC
WEST BENGAL,108.0,BARRACKPUR,RAJU CHAKRABORTY (RAJ),AITC,68887,CHANDRAMANI SHUKLA,BJP,59665,9222,148249,6,46.46709252676241,40.24647721063886,6.220615316123549,0,AITC
WEST BENGAL,109.0,KHARDAHA,KAJAL SINHA,AITC,89807,SILBHADRA DATTA,BJP,61667,28140,183147,7,49.03547423654223,33.6707671979339,15.36470703860833,0,AITC
WEST BENGAL,110.0,DUM DUM UTTAR,CHANDRIMA BHATTACHARYA,AITC,95465,DR. ARCHANA MAJUMDAR,BJP,66966,28499,213149,7,44.78791831066531,31.41745914829532,13.370459162369986,0,AITC
WEST BENGAL,111.0,PANIHATI,NIRMAL GHOSH,AITC,86495,SANMOY BANDYOPADHYAY,BJP,61318,25177,174356,7,49.608272729358326,35.16827640000918,14.439996329349148,0,AITC
WEST BENGAL,112.0,KAMARHATI,MADAN MITRA,AITC,73845,ANINDYA BANERJEE,BJP,38437,35408,144310,10,51.171090014552,26.635021828009148,24.53606818654286,0,AITC
WEST BENGAL,113.0,BARANAGAR,TAPAS ROY,AITC,85615,PARNO MITTRA,BJP,50468,35147,160259,7,53.42289668598955,31.49152309698675,21.9313735890028,0,AITC
WEST BENGAL,114.0,DUM DUM,BRATYA BASU,AITC,87999,BIMALSHANKAR NANDA,BJP,61268,26731,185334,9,47.48130402408625,33.05815446707026,14.423149557015982,0,AITC
WEST BENGAL,115.0,RAJARHAT NEW TOWN,TAPASH CHATTERJEE,AITC,127374,BHASKAR ROY S/O - DULAL ROY,BJP,70942,56432,234906,7,54.22339148425328,30.20016517245196,24.02322631180132,0,AITC
WEST BENGAL,116.0,BIDHANNAGAR,SUJIT BOSE S/O - LATE AJIT BOSE,AITC,75912,SABYA SACHI DUTTA S/O - LATE GOURI SANKAR DUTTA,BJP,67915,7997,162035,10,46.84913753201469,41.9137840589996,4.935353473015089,0,AITC
WEST BENGAL,117.0,RAJARHAT GOPALPUR,ADITI MUNSHI,AITC,87650,SAMIK BHATTACHARYA,BJP,62354,25296,178723,13,49.04237283393855,34.88862653379811,14.15374630014044,0,AITC
WEST BENGAL,118.0,MADHYAMGRAM,RATHIN GHOSH,AITC,112741,RAJASREE RAJBANSHI,BJP,64615,48126,230431,7,48.92614274989042,28.040931992657235,20.885210757233185,0,AITC
WEST BENGAL,119.0,BARASAT,CHIRANJEET CHAKRABARTI,AITC,104431,SANKAR CHATTERJEE,BJP,80648,23783,225707,10,46.26839220759658,35.73127993371938,10.537112273877195,0,AITC
WEST BENGAL,120.0,DEGANGA,RAHIMA MONDAL,AITC,100105,KARIM ALI,RSSCMJP,67568,32537,214380,8,46.69512081350872,31.517865472525425,15.1772553409833,0,AITC
WEST BENGAL,121.0,HAROA,ISLAM SK NURUL (HAJI),AITC,130398,KUTUBUDDIN FATHE,RSSCMJP,49420,80978,227395,7,57.34426878339454,21.73310758811759,35.61116119527694,0,AITC
WEST BENGAL,122.0,MINAKHAN,USHA RANI MONDAL,AITC,109818,JAYANTA MONDAL,BJP,53988,55830,212352,4,51.71507685352622,25.42382459312839,26.29125226039783,0,AITC
WEST BENGAL,123.0,SANDESHKHALI,SUKUMAR MAHATA,AITC,112450,DR. BHASKAR SARDAR,BJP,72765,39685,205787,7,54.64387935097941,35.35937644263243,19.28450290834698,0,AITC
WEST BENGAL,124.0,BASIRHAT DAKSHIN,DR. SAPTARSHI BANERJEE,AITC,115873,TARAK NATH GHOSH,BJP,91405,24468,235737,7,49.1535058136822,38.77414237052309,10.379363443159113,0,AITC
WEST BENGAL,125.0,BASIRHAT UTTAR,RAFIKUL ISLAM MONDAL,AITC,137216,MD BAIJID AMIN,RSSCMJP,47865,89351,238426,6,57.55077046966355,20.07541123870719,37.47535923095636,0,AITC
WEST BENGAL,126.0,HINGALGANJ,DEBES MANDAL,AITC,104706,NEMAI DAS,BJP,79790,24916,194681,7,53.78336869031904,40.98499596776265,12.798372722556389,1,BJP
WEST BENGAL,127.0,GOSABA,JAYANTA NASKAR,AITC,105723,BARUN PRAMANIK (CHITTA),BJP,82014,23709,195808,6,53.99319741787873,41.88490766465109,12.10828975322765,0,AITC
WEST BENGAL,128.0,BASANTI,SHYAMAL MONDAL,AITC,111453,RAMESH MAJHI,BJP,60811,50642,213910,7,52.10275349446029,28.428310971904068,23.674442522556216,0,AITC
WEST BENGAL,129.0,KULTALI,GANESH CHANDRA MONDAL,AITC,117238,MINTU HALDER,BJP,70061,47177,227351,10,51.5669603388593,30.81622689145858,20.75073344740072,0,AITC
WEST BENGAL,130.0,PATHARPRATIMA,SAMIR KUMAR JANA,AITC,120181,ASIT KUMAR HALDAR,BJP,98047,22134,231786,6,51.84998231126988,42.30065664017671,9.549325671093165,0,AITC
WEST BENGAL,131.0,KAKDWIP,MANTURAM PAKHIRA,AITC,114493,DIPANKAR JANA,BJP,89191,25302,219597,6,52.13777966001357,40.61576433193532,11.522015328078252,0,AITC
WEST BENGAL,132.0,SAGAR,BANKIM CHANDRA HAZRA,AITC,129000,KAMILA BIKASH,BJP,99154,29846,239067,5,53.95976860043419,41.47540229308102,12.484366307353168,0,AITC
WEST BENGAL,133.0,KULPI,JOGARANJAN HALDER,AITC,96577,PRANAB KUMAR MALLIK,BJP,62759,33818,193130,6,50.00621343136748,32.495728265934865,17.51048516543261,0,AITC
WEST BENGAL,134.0,RAIDIGHI,ALOKE JALDATA,AITC,115707,SANTANU BAPULI,BJP,80139,35568,238720,8,48.4697553619303,33.57029155495979,14.899463806970507,0,AITC
WEST BENGAL,135.0,MANDIRBAZAR,JOYDEB HALDER,AITC,95834,DILIP KUMAR JATUA,BJP,72342,23492,199490,11,48.03950072685348,36.26347185322573,11.77602887362775,0,AITC
WEST BENGAL,136.0,JAYNAGAR,BISWANATH DAS,AITC,104952,RABIN SARDAR,BJP,66269,38683,202431,10,51.84581412925886,32.736586787596764,19.1092273416621,0,AITC
WEST BENGAL,137.0,BARUIPUR PURBA,BIVAS SARDAR (VOBO),AITC,123243,CHANDAN MONDAL,BJP,73602,49641,225114,8,54.74692822303366,32.69543431328127,22.05149390975239,0,AITC
WEST BENGAL,138.0,CANNING PASCHIM,PARESH RAM DAS,AITC,111059,ARNAB ROY,BJP,75816,35243,218354,8,50.86190314809896,34.7215988715572,16.140304276541762,0,AITC
WEST BENGAL,139.0,CANNING PURBA,SAOKAT MOLLA,AITC,122301,GAZI SHAHABUDDIN SIRAJI,RSSCMJP,69294,53007,232766,6,52.54246754251051,29.769811742264764,22.77265580024574,0,AITC
WEST BENGAL,140.0,BARUIPUR PASCHIM,BIMAN BANERJEE,AITC,121006,DEBOPAM CHATTOPADHYAYA(BABU),BJP,59096,61910,211293,9,57.26928956472766,27.96874482353888,29.300544741188776,0,AITC
WEST BENGAL,141.0,MAGRAHAT PURBA,NAMITA SAHA,AITC,110945,CHANDAN KUMAR NASKAR,BJP,56866,54079,206153,8,53.816825367566814,27.58436695075987,26.23245841680693,0,AITC
WEST BENGAL,142.0,MAGRAHAT PASCHIM,GIAS UDDIN MOLLA,AITC,97006,DHURJATI SAHA (MANAS),BJP,50065,46941,194282,11,49.93051337746163,25.769242647285907,24.161270730175723,0,AITC
WEST BENGAL,143.0,DIAMOND HARBOUR,PANNALAL HALDER,AITC,98478,DIPAK KUMAR HALDER,BJP,81482,16996,225397,12,43.69090981690085,36.15043678487292,7.540473032027934,0,AITC
WEST BENGAL,144.0,FALTA,SANKAR KUMAR NASKAR,AITC,117179,BIDHAN PARUI,BJP,76405,40774,207932,11,56.354481272723774,36.74518592616817,19.609295346555605,0,AITC
WEST BENGAL,145.0,SATGACHHIA,MOHAN CHANDRA NASKAR,AITC,118635,CHANDAN PAL,BJP,95317,23318,235546,7,50.36595824170226,40.46640571268457,9.899552529017686,0,AITC
WEST BENGAL,146.0,BISHNUPUR,DILIP MONDAL,AITC,136509,AGNISWAR NASKAR,BJP,77677,58832,237570,6,57.460537946710446,32.69646840931094,24.764069537399504,0,AITC
WEST BENGAL,147.0,SONARPUR DAKSHIN,ARUNDHUTI MAITRA (LOVELY),AITC,109222,ANJANA BASU,BJP,83041,26181,232807,15,46.915255984570905,35.6694601107355,11.245795873835409,0,AITC
WEST BENGAL,149.0,KASBA,AHMED JAVED KHAN,AITC,121372,DR. INDRANIL KHAN,BJP,57750,63622,223154,10,54.38934547442573,25.878989397456465,28.510356076969263,0,AITC
WEST BENGAL,150.0,JADAVPUR,DEBABRATA MAJUMDAR (MALAY),AITC,98100,DR. SUJAN CHAKRABORTY,CPI(M),59231,38869,215419,12,45.539158570042574,27.495717647932636,18.043440922109934,0,AITC
WEST BENGAL,151.0,SONARPUR UTTAR,FIRDOUSI BEGUM,AITC,119957,RANJAN BAIDYA,BJP,83867,36090,240495,9,49.879207467930726,34.87265847522817,15.006548992702552,0,AITC
WEST BENGAL,152.0,TOLLYGANJ,AROOP BISWAS,AITC,101440,BABUL SUPRIYO,BJP,51360,50080,197365,13,51.39715755073088,26.022851062751755,25.374306487979126,0,AITC
WEST BENGAL,153.0,BEHALA PURBA,RATNA CHATTERJEE,AITC,110968,PAYEL SARKAR,BJP,73540,37428,221872,12,50.01442273022283,33.14523689334391,16.869185836878923,0,AITC
WEST BENGAL,154.0,BEHALA PASCHIM,PARTHA CHATTERJEE,AITC,114778,SRABANTI CHATTERJEE,BJP,63894,50884,231816,9,49.51254443179073,27.562377057666428,21.950167374124305,0,AITC
WEST BENGAL,155.0,MAHESHTALA,DULAL CHANDRA DAS,AITC,124008,UMESH DAS,BJP,66059,57949,219969,7,56.37521650778064,30.03104982974873,26.344166678031904,0,AITC
WEST BENGAL,156.0,BUDGE BUDGE,ASHOK KUMAR DEB,AITC,122357,DR. TARUN KUMAR ADAK,BJP,77643,44714,216892,9,56.41379119561809,35.79800084834849,20.61579034726961,0,AITC
WEST BENGAL,157.0,METIABURUZ,ABDUL KHALEQUE MOLLA,AITC,151066,RAMJIT PRASAD,BJP,31462,119604,196582,11,76.84630332380381,16.004517198929708,60.8417861248741,0,AITC
WEST BENGAL,158.0,KOLKATA PORT,FIRHAD HAKIM,AITC,105543,AWADH KISHORE GUPTA,BJP,36989,68554,152443,11,69.23440236678627,24.264151190936943,44.97025117584933,0,AITC
WEST BENGAL,159.0,BHABANIPUR,SOBHANDEB CHATTOPADHYAY,AITC,73505,RUDRANIL GHOSH,BJP,44786,28719,127376,10,57.70710337897249,35.16046979022736,22.54663358874513,0,AITC
WEST BENGAL,160.0,RASHBEHARI,DEBASISH KUMAR,AITC,65704,LT. GEN. (DR.) SUBRATA SAHA,BJP,44290,21414,124455,13,52.79337913301997,35.58716001767707,17.206219115342893,0,AITC
WEST BENGAL,161.0,BALLYGUNGE,SUBRATA MUKHERJEE,AITC,106585,LOKENATH CHATTERJEE,BJP,31226,75359,150962,12,70.60386057418422,20.684675613730608,49.91918496045362,0,AITC
WEST BENGAL,162.0,CHOWRANGEE,BANDYOPADHYAY NAYNA,AITC,70101,DEVDUTTA MAJI,BJP,24757,45344,111493,12,62.87479931475518,22.204981478657853,40.66981783609733,0,AITC
WEST BENGAL,163.0,ENTALLY,SWARNA KAMAL SAHA,AITC,101709,PRIYANKA TIBREWAL,BJP,43452,58257,156874,16,64.83483560054566,27.69866262095695,37.13617297958872,0,AITC
WEST BENGAL,164.0,BELEGHATA,PARESH PAUL,AITC,103182,KASHINATH BISWAS,BJP,36042,67140,158506,14,65.09658940355571,22.738571410545973,42.358017993009724,0,AITC
WEST BENGAL,165.0,JORASANKO,VIVEK GUPTA,AITC,52123,MEENA DEVI PUROHIT,BJP,39380,12743,98955,11,52.673437421049975,39.79586680814512,12.877570612904856,0,AITC
WEST BENGAL,166.0,SHYAMPUKUR,DR. SHASHI PANJA,AITC,55785,SANDIPAN BISWAS,BJP,33265,22520,102970,13,54.17597358453919,32.30552588132466,21.87044770321453,0,AITC
WEST BENGAL,167.0,MANIKTALA,SADHAN PANDE,AITC,67577,KALYAN CHAUBEY,BJP,47339,20238,132967,12,50.82238450141765,35.602066678198355,15.220317823219297,0,AITC
WEST BENGAL,168.0,KASHIPUR-BELGACHHIA,ATIN GHOSH,AITC,76182,SIBAJI SINHA ROY,BJP,40792,35390,134872,10,56.48466694347233,30.24497301144789,26.23969393202444,0,AITC
WEST BENGAL,169.0,BALLY,RANA CHATTERJEE,AITC,53347,BAISHALI DALMIYA,BJP,47110,6237,125873,12,42.38160685770578,37.42661253803437,4.954994319671415,0,AITC
WEST BENGAL,170.0,HOWRAH UTTAR,GAUTAM CHOWDHURI,AITC,71575,UMESH RAI,BJP,66053,5522,149720,14,47.80590435479562,44.11768634784932,3.6882180069463,0,AITC
WEST BENGAL,171.0,HOWRAH MADHYA,"ARUP ROY, S/O LATE PRABHAT ROY",AITC,111554,SANJAY SINGH,BJP,65007,46547,195144,14,57.16496535891444,33.312323207477554,23.85264215143689,0,AITC
WEST BENGAL,172.0,SHIBPUR,MANOJ TIWARY,AITC,92372,RATHIN CHAKRABARTY,BJP,59769,32603,182219,11,50.69284761742738,32.80064098694428,17.892206630483102,0,AITC
WEST BENGAL,173.0,HOWRAH DAKSHIN,NANDITA CHOWDHURY,AITC,116839,RANTIDEV SENGUPTA,BJP,66270,50569,216940,13,53.8577486862727,30.547616852585968,23.310131833686736,0,AITC
WEST BENGAL,174.0,SANKRAIL,PRIYA PAUL,AITC,111888,PROBHAKAR PANDIT,BJP,71461,40427,222127,9,50.37118405236644,32.17123537435791,18.199948678008525,0,AITC
WEST BENGAL,175.0,PANCHLA,GULSAN MULLICK,AITC,104572,MOHIT LAL GHANTI,BJP,71821,32751,217009,6,48.18786317618164,33.09586238358778,15.092000792593854,0,AITC
WEST BENGAL,176.0,ULUBERIA PURBA,BIDESH RANJAN BOSE,AITC,86526,PRATYUSH MANDAL,BJP,69400,17126,193021,8,44.8272467762575,35.95463706021624,8.87260971604126,0,AITC
WEST BENGAL,177.0,ULUBERIA UTTAR,DR. NIRMAL MAJI,AITC,91501,CHIRAN BERA,BJP,70498,21003,185780,8,49.25234147916891,37.94703412638605,11.305307352782862,0,AITC
WEST BENGAL,178.0,ULUBERIA DAKSHIN,PULAK ROY,AITC,101880,PAPIA DEY (ADHIKARY),BJP,73442,28438,202266,8,50.36931565364421,36.30961209496405,14.059703558680154,0,AITC
WEST BENGAL,179.0,SHYAMPUR,KALIPADA MANDAL,AITC,114804,TNUSREE CHAKRABORTY,BJP,83293,31511,221889,7,51.73938320511608,37.53813843858866,14.201244766527408,0,AITC
WEST BENGAL,180.0,BAGNAN,ARUNAVA SEN (RAJA),AITC,106042,ANUPAM MALLIK,BJP,75922,30120,199935,8,53.03823742716383,37.97334133593418,15.064896091229649,1,BJP
WEST BENGAL,181.0,AMTA,SUKANTA KUMAR PAUL,AITC,102445,DEBTANU BHATTACHARYA,BJP,76240,26205,208810,8,49.06134763660744,36.51166131890235,12.549686317705092,0,AITC
WEST BENGAL,182.0,UDAYNARAYANPUR,SAMIR KUMAR PANJA,AITC,101510,SUMIT RANJAN KARAR,BJP,87512,13998,198211,6,51.21310119014586,44.15093006947142,7.062171120674433,0,AITC
WEST BENGAL,183.0,JAGATBALLAVPUR,SITANATH GHOSH,AITC,116562,ANUPAM GHOSH,BJP,87366,29196,235721,6,49.44913690337305,37.06330789365394,12.385829009719115,0,AITC
WEST BENGAL,184.0,DOMJUR,KALYAN GHOSH,AITC,130499,RAJIB BANERJEE S/O- LATE DHANANJOY BANERJEE,BJP,87879,42620,250978,15,51.99619090119453,35.014622795623524,16.981568105571007,0,AITC
WEST BENGAL,185.0,UTTARPARA,KANCHAN MULLICK,AITC,93878,PRABIR KUMAR GHOSAL,BJP,57889,35989,199894,6,46.963890862156944,28.959848719821508,18.00404214233544,0,AITC
WEST BENGAL,186.0,SREERAMPUR,DR. SUDIPTO ROY,AITC,93021,KABIR SHANKAR BOSE,BJP,69588,23433,188081,8,49.45794631036628,36.99895257894205,12.458993731424227,0,AITC
WEST BENGAL,187.0,CHAMPDANI,ARINDAM GUIN (BUBAI),AITC,100972,DILIP SINGH,BJP,70894,30078,201131,8,50.20210708443751,35.24767440126087,14.954432683176636,0,AITC
WEST BENGAL,188.0,SINGUR,BECHARAM MANNA,AITC,101077,RABINDRANATH BHATTACHARYA,BJP,75154,25923,209938,5,48.14611933046899,35.79818803646791,12.347931294001086,0,AITC
WEST BENGAL,189.0,CHANDANNAGAR,INDRANIL SEN,AITC,86778,DEEPANJAN KUMAR GUHA,BJP,55749,31029,182178,9,47.63363304021342,30.601389849487862,17.032243190725556,0,AITC
WEST BENGAL,190.0,CHUNCHURA,ASIT MAZUMDER (TAPAN),AITC,117104,LOCKET CHATTERJEE,BJP,98687,18417,254737,10,45.97055001825412,38.74074044995427,7.229809568299854,0,AITC
WEST BENGAL,191.0,BALAGARH,MANORANJAN BAPARI,AITC,100364,SUBHAS CHANDRA HALDAR,BJP,94580,5784,219957,5,45.62891837950145,42.99931350218451,2.6296048773169303,0,AITC
WEST BENGAL,192.0,PANDUA,DR. RATNA DE NAG,AITC,102874,PARTHA SHARMA,BJP,71016,31858,223664,8,45.99488518492024,31.751198225910294,14.243686959009944,0,AITC
WEST BENGAL,193.0,SAPTAGRAM,TAPAN DASGUPTA,AITC,93328,DEBABRATA BISWAS,BJP,83556,9772,192190,9,48.5602788906811,43.47572714501275,5.084551745668349,0,AITC
WEST BENGAL,194.0,CHANDITALA,SWATI KHANDOKER,AITC,103118,DEBASHISH DASGUPTA(YASH D GUPTAA),BJP,61771,41347,207106,6,49.78996262783309,29.825789692234896,19.9641729355982,0,AITC
WEST BENGAL,195.0,JANGIPARA,SNEHASIS CHAKRABORTY,AITC,101885,DEBJIT SARKAR,BJP,83959,17926,210411,8,48.42189809468136,39.90238152948277,8.519516565198588,0,AITC
WEST BENGAL,196.0,HARIPAL,DR. KARABI MANNA,AITC,110215,SAMIRAN MITRA,BJP,87143,23072,220774,6,49.92209227535851,39.47158632810023,10.450505947258282,0,AITC
WEST BENGAL,197.0,DHANEKHALI,ASIMA PATRA,AITC,124776,TUSAR KUMAR MAJUMDAR,BJP,94617,30159,233838,5,53.36001847432839,40.46262797321222,12.897390501116156,0,AITC
WEST BENGAL,198.0,TARAKESWAR,RAMENDU SINHARAY,AITC,96698,DR. SWAPAN DASGUPTA,BJP,89214,7484,205917,6,46.95969735378818,43.325223269569776,3.634474084218399,0,AITC
WEST BENGAL,199.0,PURSURAH,BIMAN GHOSH,BJP,119334,DILIP YADAV,AITC,91156,28178,223074,5,53.49525269641464,40.86356993643365,12.631682759980992,1,BJP
WEST BENGAL,200.0,ARAMBAG,MADHUSUDAN BAG,BJP,103108,SUJATA MONDAL,AITC,95936,7172,219960,5,46.875795599199854,43.615202764138935,3.26059283506092,1,BJP
WEST BENGAL,201.0,GOGHAT,BISWANATH KARAK,BJP,102227,MANAS MAJUMDAR,AITC,98080,4147,219545,5,46.563119178300575,44.674212576009474,1.888906602291102,1,BJP
WEST BENGAL,202.0,KHANAKUL,SUSANTA GHOSH,BJP,107403,MUNSI NAZBUL KARIM,AITC,94519,12884,217991,7,49.26946525315265,43.35912950534655,5.910335747806102,1,BJP
WEST BENGAL,203.0,TAMLUK,SAUMEN KUMAR MAHAPATRA,AITC,108243,HARE KRISHNA BERA,BJP,107450,793,236031,8,45.85965402849625,45.5236812113663,0.3359728171299532,0,AITC
WEST BENGAL,204.0,PANSKURA PURBA,BIPLAB ROY CHOWDHURY,AITC,91213,DEBABRATA PATTANAYEK,BJP,81553,9660,198400,8,45.97429435483871,41.10534274193549,4.868951612903226,0,AITC
WEST BENGAL,205.0,PANSKURA PASCHIM,PHIROJA BIBI,AITC,111705,SINTU SENAPATI,BJP,102816,8889,234141,7,47.70843209860725,43.91200174253975,3.7964303560674977,0,AITC
WEST BENGAL,206.0,MOYNA,ASHOKE DINDA,BJP,108109,SANGRAM KUMAR DOLAI,AITC,106849,1260,224434,8,48.16961779409537,47.608205530356365,0.5614122637390057,1,BJP
WEST BENGAL,207.0,NANDAKUMAR,SUKUMAR DE,AITC,108181,ADHIKARY NILANJAN,BJP,102775,5406,227275,6,47.59916400835992,45.220547794522055,2.3786162138378617,0,AITC
WEST BENGAL,208.0,MAHISADAL,TILAK KUMAR CHAKRABORTY,AITC,101986,BISWANATH BANERJEE,BJP,99600,2386,219355,7,46.4935834606004,45.40584896628753,1.0877344943128715,0,AITC
WEST BENGAL,209.0,HALDIA,TAPASI MONDAL,BJP,104126,SWAPAN NASKAR,AITC,89118,15008,220823,6,47.153602659143296,40.35720916752331,6.796393491619986,1,BJP
WEST BENGAL,210.0,NANDIGRAM,ADHIKARI SUVENDU,BJP,110764,MAMATA BANERJEE,AITC,108808,1956,228405,9,48.49456010157396,47.638186554585054,0.8563735469889012,1,BJP
WEST BENGAL,211.0,CHANDIPUR,SOHAM CHAKRABORTY,AITC,109770,PULAK KANTI GURIA,BJP,96298,13472,220327,8,49.821401825468506,43.70685390351613,6.11454792195237,0,AITC
WEST BENGAL,212.0,PATASHPUR,UTTAM BARIK,AITC,105299,AMBUJAKSHA MAHANTI,BJP,95305,9994,208827,5,50.424035206175446,45.63825558955499,4.785779616620457,0,AITC
WEST BENGAL,213.0,KANTHI UTTAR,SUMITA SINHA,BJP,113524,TARUN KUMAR JANA,AITC,104194,9330,228416,9,49.700546371532646,45.6158938077893,4.0846525637433455,1,BJP
WEST BENGAL,214.0,BHAGABANPUR,RABINDRANATH MAITY,BJP,121480,ARDHENDU MAITY,AITC,93931,27549,222650,5,54.560970132494944,42.18773860318886,12.373231529306086,1,BJP
WEST BENGAL,215.0,KHEJURI,SANTANU PRAMANIK,BJP,110407,PARTHA PRATIM DAS,AITC,92442,17965,212621,5,51.92666763866222,43.47736112613524,8.449306512526984,1,BJP
WEST BENGAL,216.0,KANTHI DAKSHIN,ARUP KUMAR DAS,BJP,98477,JYOTIRMOY KAR,AITC,88184,10293,194681,5,50.58377550967994,45.296664800365726,5.287110709314211,0,AITC
WEST BENGAL,217.0,RAMNAGAR,AKHIL GIRI,AITC,112622,SWADESH RANJAN NAYAK,BJP,100105,12517,222060,6,50.71692335404846,45.08015851571648,5.636764838331983,0,AITC
WEST BENGAL,218.0,EGRA,TARUN KUMAR MAITY,AITC,125763,ARUP DASH,BJP,107272,18491,240817,5,52.22347259537325,44.54502796729467,7.678444628078583,0,AITC
WEST BENGAL,219.0,DANTAN,BIKRAM CHANDRA PRADHAN,AITC,95209,SAKTIPADA NAYAK,BJP,94586,623,197798,5,48.13446040910424,47.81949261367658,0.3149677954276585,0,AITC
WEST BENGAL,220.0,NAYAGRAM,DULAL MURMU,AITC,100903,BAKUL MURMU,BJP,78149,22754,192354,8,52.4569283716481,40.627696850598376,11.829231521049731,0,AITC
WEST BENGAL,221.0,GOPIBALLAVPUR,DR. KHAGENDRA NATH MAHATA,AITC,104115,SANJIT MAHATA,BJP,80347,23768,199070,10,52.30069824684784,40.36117948460341,11.939518762244436,0,AITC
WEST BENGAL,222.0,JHARGRAM,BIRBAHA HANSDA,AITC,109493,SUKHAMAY SATPATHY (JAHAR),BJP,71253,38240,201797,11,54.25898303740888,35.30924642090814,18.94973661650074,0,AITC
WEST BENGAL,223.0,KESHIARY,PARESH MURMU,AITC,106366,SONALI MURMU SOREN,BJP,91036,15330,212681,6,50.01198978752216,42.80401164184859,7.207978145673567,0,AITC
WEST BENGAL,224.0,KHARAGPUR SADAR,HIRANMOY CHATTOPADHYAYA,BJP,79607,PRADIP SARKAR,AITC,75836,3771,171385,6,46.44922251072148,44.24891326545497,2.200309245266505,0,AITC
WEST BENGAL,225.0,NARAYANGARH,ATTA SURJA KANTA,AITC,100894,RAMA PRASAD GIRI,BJP,98478,2416,217750,6,46.33478760045925,45.225258323765786,1.1095292766934557,0,AITC
WEST BENGAL,226.0,SABANG,MANAS RANJAN BHUNIA,AITC,112098,AMULYA MAITY,BJP,102234,9864,236201,6,47.458732181489495,43.282627931295806,4.17610425019369,0,AITC
WEST BENGAL,227.0,PINGLA,AJIT MAITY,AITC,112435,ANTARA BHATTACHARYYA,BJP,105779,6656,228669,5,49.16932334509706,46.258565874692245,2.910757470404821,0,AITC
WEST BENGAL,228.0,KHARAGPUR,DINEN ROY,AITC,109727,TAPAN BHUYA,BJP,73497,36230,200044,7,54.85143268480934,36.74041710823619,18.111015576573152,0,AITC
WEST BENGAL,229.0,DEBRA,HUMAYUN KABIR,AITC,95850,BHARATI GHOSH,BJP,84624,11226,204866,6,46.78668007380434,41.30700067361104,5.479679400193297,0,AITC
WEST BENGAL,230.0,DASPUR,MAMATA BHUNIA,AITC,114753,PRASANTA BERA,BJP,87911,26842,222464,5,51.582727991944765,39.51695555235904,12.065772439585732,0,AITC
WEST BENGAL,231.0,GHATAL,SITAL KAPAT,BJP,105812,SHANKAR DOLAI,AITC,104846,966,225375,6,46.94930671103716,46.520687742651134,0.4286189683860233,1,BJP
WEST BENGAL,232.0,CHANDRAKONA,ARUP DHARA,AITC,121846,SIBARAM DAS,BJP,110565,11281,249315,6,48.87231012975553,44.34751218338247,4.524797946373062,0,AITC
WEST BENGAL,233.0,GARBETA,UTTARA SINGHA (HAZRA),AITC,94928,MADAN RUIDAS,BJP,84356,10572,207681,6,45.70856265137398,40.61806327974153,5.090499371632456,0,AITC
WEST BENGAL,234.0,SALBONI,SRIKANTA MAHATA,AITC,126020,RAJIB KUNDU,BJP,93376,32644,249195,10,50.57083809867774,37.47105680290536,13.099781295772386,0,AITC
WEST BENGAL,235.0,KESHPUR,SEULI SAHA,AITC,116992,PRITISH RANJAN KUAR,BJP,96272,20720,230232,4,50.81483025817436,41.81521248132319,8.999617776851176,0,AITC
WEST BENGAL,236.0,MEDINIPUR,JUNE MALIAH,AITC,121175,SAMIT KUMAR DASH,BJP,96778,24397,238898,7,50.72248407270048,40.510175890966025,10.212308181734464,0,AITC
WEST BENGAL,237.0,BINPUR,DEBNATH HANSDA,AITC,100277,PALAN SAREN,BJP,60783,39494,188798,9,53.113380438352095,32.19472663905338,20.918653799298724,0,AITC
WEST BENGAL,238.0,BANDWAN,RAJIB LOCHAN SAREN,AITC,113337,PARCY MURMU,BJP,94506,18831,241055,6,47.01707079297256,39.2051606479849,7.811910144987659,0,AITC
WEST BENGAL,239.0,BALARAMPUR,BANESWAR MAHATO,BJP,89521,SHANTIRAM MAHATO,AITC,89098,423,197965,9,45.22061980653146,45.00694567221479,0.2136741343166721,1,BJP
WEST BENGAL,240.0,BAGHMUNDI,SUSHANTA MAHATO,AITC,75905,ASHUTOSH MAHATO,AJSUP,61936,13969,206303,7,36.79296956418472,30.02186104903952,6.771108515145199,0,AITC
WEST BENGAL,241.0,JOYPUR,NARA HARI MAHATO,BJP,74380,PHANIBHUSHAN KUMAR,INC,62180,12200,202767,11,36.68249764508032,30.66573949409913,6.016758150981175,0,AITC
WEST BENGAL,242.0,PURULIA,SUDIP KUMAR MUKHERJEE,BJP,89733,SUJOY BANERJEE,AITC,82715,7018,206868,11,43.37693601717037,39.98443451863024,3.392501498540132,1,BJP
WEST BENGAL,243.0,MANBAZAR,SANDHYARANI TUDU,AITC,103298,GOURI SINGH SARDAR,BJP,87782,15516,213729,6,48.33129804565595,41.071637447421736,7.259660598234212,0,AITC
WEST BENGAL,244.0,KASHIPUR,KAMALAKANTA HANSDA,BJP,92938,SWAPAN KUMAR BELTHARIA,AITC,85551,7387,194892,6,47.68692403998112,43.89661966627671,3.7903043737044095,1,BJP
WEST BENGAL,245.0,PARA,NADIAR CHAND BOURI,BJP,87347,UMAPADA BAURI,AITC,83340,4007,194021,8,45.01935357512847,42.95411321454894,2.065240360579525,1,BJP
WEST BENGAL,246.0,RAGHUNATHPUR,VIVEKANANDA BAURI,BJP,95770,BOURI HAZARI,AITC,90332,5438,214690,8,44.60850528669244,42.075550794168336,2.5329544925241048,1,BJP
WEST BENGAL,247.0,SALTORA,BAURI CHANDANA,BJP,91648,SONTOSH KUMAR MONDAL,AITC,87503,4145,202413,6,45.27772425684121,43.22993088388591,2.047793372955294,1,BJP
WEST BENGAL,248.0,CHHATNA,SATYANARAYAN MUKHOPADHYAY,BJP,90233,SUBASISH BATABYAL,AITC,83069,7164,196836,10,45.84171594626999,42.20213782031742,3.6395781259525695,1,BJP
WEST BENGAL,249.0,RANIBANDH,JYOTSNA MANDI,AITC,90928,KSHUDIRAM TUDU,BJP,86989,3939,211170,8,43.05914665908983,41.193824880428096,1.8653217786617415,0,AITC
WEST BENGAL,250.0,RAIPUR,MRITYUNJOY MURMU,AITC,101043,SUDHANSHU HANSDA,BJP,81645,19398,194476,6,51.95653962442667,41.98204405685021,9.97449556757646,0,AITC
WEST BENGAL,251.0,TALDANGRA,ARUP CHAKRABORTY,AITC,92026,SHYAMAL KUMAR SARKAR (BENU),BJP,79649,12377,203186,9,45.29150630456823,39.200043310070576,6.091462994497652,0,AITC
WEST BENGAL,252.0,BANKURA,NILADRI SEKHAR DANA,BJP,95466,SAYANTIKA BANERJEE,AITC,93998,1468,217986,12,43.79455561366326,43.12111786995495,0.6734377437083116,1,BJP
WEST BENGAL,253.0,BARJORA,ALOK MUKHERJEE,AITC,93290,SUPRITI CHATTERJEE,BJP,90021,3269,219452,8,42.51043508375408,41.02081548584656,1.489619597907515,0,AITC
WEST BENGAL,254.0,ONDA,AMARNATH SHAKHA,BJP,104940,ARUP KUMAR KHAN,AITC,93389,11551,225759,9,46.48319668318871,41.36667862632276,5.11651805686595,1,BJP
WEST BENGAL,255.0,BISHNUPUR,TANMAY GHOSH (BUMBA),BJP,89689,ARCHITA BID,AITC,78269,11420,191469,7,46.84256981547927,40.87815782189284,5.964411993586429,1,BJP
WEST BENGAL,256.0,KATULPUR,HARAKALI PROTIHER,BJP,106022,SANGEETA MALIK,AITC,94237,11785,224123,6,47.3052743359673,42.04700097714202,5.258273358825288,1,BJP
WEST BENGAL,257.0,INDUS,NIRMAL KUMAR DHARA,BJP,104936,RUNU METE,AITC,97716,7220,218453,4,48.03596196893611,44.73090321487918,3.3050587540569367,1,BJP
WEST BENGAL,258.0,SONAMUKHI,DIBAKAR GHARAMI,BJP,98161,DR. SHYAMAL SANTRA,AITC,87273,10888,207739,6,47.25208073592344,42.01088866317832,5.241192072745127,1,BJP
WEST BENGAL,259.0,KHANDAGHOSH,NABIN CHANDRA BAG,AITC,104264,BIJAN MANDAL,BJP,83378,20886,217897,6,47.85013102520916,38.26486826344557,9.585262761763586,0,AITC
WEST BENGAL,260.0,BARDHAMAN DAKSHIN,KHOKAN DAS,AITC,91015,SANDIP NANDI,BJP,82910,8105,205345,9,44.32296866249483,40.37595266502715,3.947015997467676,0,AITC
WEST BENGAL,261.0,RAINA,SHAMPA DHARA,AITC,108752,MANIK ROY,BJP,90547,18205,229166,6,47.45555623434541,39.51153312446,7.944023109885411,0,AITC
WEST BENGAL,262.0,JAMALPUR,ALOK KUMAR MAJHI,AITC,96999,BALARAM BAPARI,BJP,79028,17971,206690,7,46.92970148531617,38.23503797958295,8.694663505733223,0,AITC
WEST BENGAL,263.0,MONTESWAR,CHOWDHURY SIDDIQULLAH,AITC,105460,SAIKAT PANJA,BJP,73655,31805,209036,6,50.450640081134345,35.23555751162479,15.215082569509558,0,AITC
WEST BENGAL,264.0,KALNA,DEBOPRASAD BAG (POLTU),AITC,96073,BISWAJIT KUNDU,BJP,88595,7478,208951,6,45.97872228417189,42.39989279783298,3.5788294863389023,0,AITC
WEST BENGAL,265.0,MEMARI,MADHUSUDAN BHATTACHARYA,AITC,104851,BHISMADEB BHATTACHARYA,BJP,81773,23078,218802,7,47.92049432820541,37.373058747177815,10.547435581027596,0,AITC
WEST BENGAL,266.0,BARDHAMAN UTTAR,NISITH KUMAR MALIK,AITC,111211,RADHA KANTA ROY,BJP,93943,17268,241925,5,45.96920533223106,38.83145602976129,7.137749302469773,0,AITC
WEST BENGAL,267.0,BHATAR,ADHIKARI MANGOBINDA,AITC,108028,MAHENDRANATH KOWAR,BJP,76287,31741,214168,9,50.44077546598932,35.62016734526166,14.820608120727652,0,AITC
WEST BENGAL,268.0,PURBASTHALI DAKSHIN,SWAPAN DEBNATH,AITC,105698,RAJIB KUMAR BHOWMICK,BJP,88288,17410,215353,6,49.081275858706405,40.99687489842259,8.084400960283814,0,AITC
WEST BENGAL,269.0,PURBASTHALI UTTAR,TAPAN CHATTERJEE,AITC,92421,GOBARDHAN DAS,BJP,85715,6706,212343,7,43.52439213913338,40.36629415615302,3.1580979829803666,0,AITC
WEST BENGAL,270.0,KATWA,RABINDRANATH CHATTERJEE,AITC,107894,SHYAMA MAJUMDAR,BJP,98739,9155,224459,6,48.068466846952006,43.98977096039811,4.078695886553891,0,AITC
WEST BENGAL,271.0,KETUGRAM,SEKH SAHONAWEZ,AITC,100226,ANADI GHOSH (MATHURA),BJP,87543,12683,215317,6,46.54811278254852,40.65772790815402,5.890384874394497,0,AITC
WEST BENGAL,272.0,MANGALKOT,APURBA CHOWDHURY (ACHAL),AITC,107596,RANA PROTAP GOSWAMI,BJP,85259,22337,217329,6,49.50834909285001,39.23038342789043,10.277965664959575,0,AITC
WEST BENGAL,273.0,AUSGRAM,ABHEDANANDA THANDER,AITC,100392,KALITA MAJI,BJP,88577,11815,217080,6,46.2465450525152,40.8038511147964,5.442693937718814,0,AITC
WEST BENGAL,274.0,GALSI,NEPAL GHORUI,AITC,109504,BIKASH BISWAS,BJP,90242,19262,222538,5,49.20687702774358,40.55127663590039,8.65560039184319,0,AITC
WEST BENGAL,275.0,PANDABESWAR,NARENDRANATH CHAKRABORTY,AITC,73922,KUMAR JITENDRA TEWARI,BJP,70119,3803,164291,9,44.99455234918528,42.67975725998381,2.314795089201478,0,AITC
WEST BENGAL,276.0,DURGAPUR PURBA,PRADIP MAZUMDAR,AITC,79303,COLONEL DIPTANSU CHAUDHURY,BJP,75557,3746,192674,10,41.15916003197111,39.21494337585767,1.944216656113435,0,AITC
WEST BENGAL,277.0,DURGAPUR PASCHIM,LAKSHMAN CHANDRA GHORUI,BJP,91186,BISWANATH PARIAL,AITC,76522,14664,196902,11,46.310347279357245,38.86298767915004,7.44735960020721,1,BJP
WEST BENGAL,278.0,RANIGANJ,TAPAS BANERJEE,AITC,78164,DR. BIJAN MUKHERJEE,BJP,74608,3556,182211,8,42.89751990823825,40.94593630461388,1.9515836036243697,0,AITC
WEST BENGAL,279.0,JAMURIA,HARERAM SINGH,AITC,71002,TAPAS KUMAR ROY,BJP,62951,8051,166703,7,42.59191496253817,37.76236780381877,4.829547158719399,0,AITC
WEST BENGAL,280.0,ASANSOL DAKSHIN,AGNIMITRA PAUL,BJP,87881,SAYANI GHOSH,AITC,83394,4487,194737,6,45.12804449077474,42.82391122385577,2.304133266918973,1,BJP
WEST BENGAL,281.0,ASANSOL UTTAR,GHATAK MOLOY,AITC,100931,KRISHNENDU MUKHERJEE,BJP,79821,21110,192907,8,52.32106662796062,41.37796969524175,10.943096932718875,0,AITC
WEST BENGAL,282.0,KULTI,AJAY KUMAR PODDAR,BJP,81112,UJJAL CHATTERJEE,AITC,80433,679,174767,7,46.4115078933666,46.0229906103555,0.3885172830110947,1,BJP
WEST BENGAL,283.0,BARABANI,BIDHAN UPADHYAY,AITC,88430,ARIJIT ROY,BJP,64973,23457,169207,7,52.26143126466399,38.39852961165909,13.8629016530049,0,AITC
WEST BENGAL,284.0,DUBRAJPUR,ANUP KUMAR SAHA,BJP,98083,DEBABRATA SAHA,AITC,94220,3863,204599,6,47.93913948748528,46.05105596801549,1.888083519469792,0,AITC
WEST BENGAL,285.0,SURI,BIKASH ROYCHOUDHURY,AITC,105871,CHATTOPADHYAY JAGANNATH,BJP,98551,7320,218590,7,48.43359714534059,45.08486207054303,3.348735074797566,0,AITC
WEST BENGAL,286.0,BOLPUR,SINHA CHANDRANATH,AITC,116443,ANIRBAN GANGULY,BJP,94163,22280,230260,10,50.57022496308521,40.89420654911839,9.67601841396682,0,AITC
WEST BENGAL,287.0,NANOOR,BIDHAN CHANDRA MAJHI,AITC,112116,TARAKESWAR SAHA,BJP,105446,6670,235328,5,47.64243948871362,44.80809763394071,2.8343418547729127,0,AITC
WEST BENGAL,288.0,LABPUR,ABHIJIT SINHA (RANA),AITC,108423,BISWAJIT MONDAL,BJP,90448,17975,212027,8,51.1364118720729,42.6587179934631,8.4776938786098,0,AITC
WEST BENGAL,289.0,SAINTHIA,NILABATI SAHA,AITC,110572,PIYA SAHA,BJP,95329,15243,221866,6,49.8372891745468,42.96692598234971,6.870363192197091,0,AITC
WEST BENGAL,290.0,MAYURESWAR,ABHIJIT ROY,AITC,100425,SHYAMAPADA MONDAL,BJP,88350,12075,199425,5,50.35727717186912,44.30236931177134,6.054907860097781,0,AITC
WEST BENGAL,291.0,RAMPURHAT,ASISH BANERJEE,AITC,103276,SUBHASIS CHOUDHURY (KHOKAN),BJP,94804,8472,217323,7,47.52189137827105,43.62354651831605,3.8983448599549977,0,AITC
WEST BENGAL,292.0,HANSAN,DR. ASOK KUMAR CHATTOPADHYAY,AITC,108289,NIKHIL BANERJEE,BJP,57676,50613,210606,6,51.41781335764413,27.385734499491942,24.03207885815219,0,AITC
WEST BENGAL,293.0,NALHATI,RAJENDRA PRASAD SINGH (RAJU SINGH),AITC,117438,TAPAS KUMAR YADAV(ANANDA YADAV),BJP,60533,56905,207696,10,56.54321700947539,29.14500038517834,27.39821662429705,0,AITC
WEST BENGAL,294.0,MURARAI,DR MOSARRAF HOSSAIN,AITC,146496,DEBASISH ROY,BJP,48250,98246,217917,7,67.22559506601137,22.141457527407223,45.08413753860415,0,AITC
